{
  "model_version": "luzon_synthetic_v1",
  "feature_order": [
    "distNorm",
    "timeSin",
    "timeCos",
    "cat_food",
    "cat_sight",
    "scenicScore",
    "hasMunicipality"
  ],
  "normalization": {
    "distNorm": {
      "type": "standard",
      "mean": 1.0,
      "std": 0.0,
      "min": 1.0,
      "max": 1.0
    },
    "timeSin": {
      "type": "standard",
      "mean": -0.08293837308883667,
      "std": 0.7017893195152283,
      "min": -1.0,
      "max": 1.0
    },
    "timeCos": {
      "type": "standard",
      "mean": 0.09260136634111404,
      "std": 0.7014541625976562,
      "min": -1.0,
      "max": 1.0
    },
    "cat_food": {
      "type": "standard",
      "mean": 0.26249998807907104,
      "std": 0.43999287486076355,
      "min": 0.0,
      "max": 1.0
    },
    "cat_sight": {
      "type": "standard",
      "mean": 0.6875,
      "std": 0.4635123908519745,
      "min": 0.0,
      "max": 1.0
    },
    "scenicScore": {
      "type": "standard",
      "mean": 0.6219491958618164,
      "std": 0.21070358157157898,
      "min": 0.10586041212081909,
      "max": 1.0
    },
    "hasMunicipality": {
      "type": "standard",
      "mean": 1.0,
      "std": 0.0,
      "min": 1.0,
      "max": 1.0
    }
  }
}