{
  "model_version": "v2",
  "feature_order": [
    "distNorm",
    "timeSin",
    "timeCos",
    "cat_food",
    "cat_sight",
    "scenicScore",
    "hasMunicipality"
  ],
  "normalization": {
    "distNorm": {
      "type": "standard",
      "mean": 0.33189481496810913,
      "std": 0.19845391809940338,
      "min": 0.0011659987503662705,
      "max": 0.9707204103469849
    },
    "timeSin": {
      "type": "standard",
      "mean": -0.0012519584270194173,
      "std": 0.7040205597877502,
      "min": -1.0,
      "max": 1.0
    },
    "timeCos": {
      "type": "standard",
      "mean": -0.0034889166709035635,
      "std": 0.7101699113845825,
      "min": -1.0,
      "max": 1.0
    },
    "cat_food": {
      "type": "standard",
      "mean": 0.09724999964237213,
      "std": 0.29629790782928467,
      "min": 0.0,
      "max": 1.0
    },
    "cat_sight": {
      "type": "standard",
      "mean": 0.20589999854564667,
      "std": 0.4043577313423157,
      "min": 0.0,
      "max": 1.0
    },
    "scenicScore": {
      "type": "standard",
      "mean": 0.6334871053695679,
      "std": 0.17742861807346344,
      "min": 0.0,
      "max": 1.0
    },
    "hasMunicipality": {
      "type": "standard",
      "mean": 0.6992499828338623,
      "std": 0.45858412981033325,
      "min": 0.0,
      "max": 1.0
    }
  }
}